0,wang_xiaoqi@hangluang.net,Nishengri01
1,wang_xiaoqi@hangluang.com,Nishengri01
2,wang_xiaoqi@hangluang.com,Nishengri01
3,wang_xiaoqi@hangluang.com,Nishengri01
4,wang_xiaoqi@hangluang.com,Nishengri01
5,wangxiaoqi@hangluang.com,Nishengri01
6,,
7,,
8,,
9,ZhaoyuQu@HangLung.com,QZY868686@
10,ZhaoyuQu@HangLung.com,QZY868686@
11,ZhaoyuQu@HangLung.com,QZY868686@
12,,
13,,
14,,
15,patrickkkchan@hanglung.com,password-0000
16,,
17,,
18,,
19,RangeYHuang@HangLung.com,100424Abc@
20,RangeYHuang@HangLung.com,China04034@
21,RangeYHuang@HangLung.com,100424Abc@
22,HaoGu@HangLung.com,5tgb%TGB123
23,NebulaDJLiu@HangLung.com,Better2019!
24,NebulaDJLiu@HangLung.com,Better2019!
25,,
26,VivianXHZhu@HangLung.com,Hlhl12345678
27,CatherineYLZhang@HangLung.com,American00905%
28,CatherineYLZhang@HangLung.com,American00905%
29,Shirleyyzhang@hunglung.com,MadeinChina1123
30,Shirleyyzhang@hanglung.com,MadeinChina1123
31,Shirleyyzhang@hanglung.com,MadeinChina1123
32,Shirleyyzhang@hanglung.com,MadeinChina1123
33,Shirleyyzhang@hanglung.com,MadeinChina1123
34,Shirleyyzhang@hanglung.com,MadeinChina1123
35,shirleyyzhang@hanglung.com,MadeinChina1123
36,linglin@hanglung.com,Lby123456?
37,,
38,jijunWang@HangLung.com,Wjj00194@
39,jijunWang@HangLung.com,Wjj00194!
40,KrisRQzhao@HangLung.com,7005820361Zzzz
41,KrisRQZhao@HangLung.com,7005820361Zzzz
42,KrisRQZhao@HangLung.com,7005820361Zzzz
43,KrisRQZhao@HangLung.com,7005820361Zzzz
44,KrisRQZhao@HangLung.com,7005820361Zzz
45,KrisRQZhao@HangLung.com,7005820361Zz
46,KrisRQZhao@HangLung.com,7005820361Zzzz
47,YuDong@HangLung.com,p66@hanglung08
48,,
49,,
50,,
51,lstgs@126.com,
52,DarrenZLDai@HangLung.com,ILMdzl0430
53,DarrenZLDai@HangLung.com,ILMdzl0430
54,DarrenZLDai@HangLung.com,Muhaiyu0430
55,DarrenZLDai@HangLung.com,Muhaiyu0430
56,DarrenZLDai@HangLung.com,Mukhaiyu0430
57,DarrenZLDai@HangLung.com,ILMdzl0430
58,DarrenZLDai@HangLung.com,ILMdzl0430
59,DarrenZLDai@HangLung.com,ILMdzl0430
60,ravenyj_tang@hanglung.com,1360Kk!187
61,,
62,Tang_RavenYJ@hanglung.com,1360Kk!187
63,RavenYJTang@hanglung.com,1360Kk!187
64,RavenYJTang@hanglung.com,China@00429
65,RavenYJTang@hanglung.com,1360Kk!187
66,ravenyjtang@hanglung.com,1360Kk!187
67,shirleyyzhang@hanglung.com,MadeinChina1123
68,YanTaoDuan@hunglang.com,Ddashuai-2
69,YanTaoDuan@hanglung.com,Ddashuai-2
70,YanTaoDuan@hanglung.com,Ddashuai-2
71,YanTaoDuan@HangLung.com,Ddashuai-2
72,YanTaoDuan@HangLung.com,Ddashuai-2
73,linglin@hanglung.com,Lby123456?
74,,
75,,
76,,
77,,
78,camuscmcheung@hanglung.com,Derek136300
79,camuscmcheung@hanglung.com,Derek136300
80,,
81,,
82,,
83,,Stephen0723@
84,HaiSi@Hanglung.com,Teddy870915
85,,
86,,
87,yuningwang@hanglung.com,Autumn8888
88,yuningwang@hanglung.com,Autumn8888
89,chundongjiang@hanglung.com,Dong123456
90,ChunDongJiang@HangLung.com,Dong123456
91,EdenCXShen@Hanglung.com,12345Qwer!1
92,jiangchundong@shanglung.com,Dong123456
93,EdenCXShen@HangLung.com,12345Qwer!1
94,,Yujijiang142536
95,LarryWF@hanglung.com,Lwf1092888
96,AprilYTDong@HangLung.com,April@DY526
97,yaxinwang@hanglung.com,Axin19960215
98,YaxinWang@HangLung.com,Axin19960215
99,YaXinWang@HangLung.com,Axin19960215
100,YaXinWang@HangLung.com,Axin19960215
101,YaXinWang@HangLung.com,Axin1996equrt123450215
102,YaXinWang@HangLung.com,equrt12345
103,cynthiaxchen@hanglung.com,322a240917!
104,cynthiaxchen@hanglung.com,322a240917!
105,mikeyhli@hanglung.com,
106,,LIHAO5201314
107,mikeyhli@hanglung.com,Lihao5201314
108,,
109,,
110,,
111,AlfredCFYuen@HangLung.com,6336409_Ay
112,AlfredCFYuen@HangLung.com,Ay_633640
113,alfredcfyuen@hanglung.com,6336409_Ay
114,alfredcfyuen@hanglung.com,g633640y
115,alfredcfyuen@hanglung.com,633Ay640
116,alfredcfyuen@hanglung.com,Ay_6336409
117,alfredcfyuen@hanglung.com,6336409
118,alfredcfyuen@hanglung.com,Ay633640
119,alfredcfyuen@hanglung.com,6336409_Ay
120,alfredcfyuen@hunglung.com,g6336409y
121,bienmnho@hanglung.com,dctwpI0005
122,bienmnho@hanglung.com,dctwpI0005
123,AprilYTDong@hanglung.com,April@DY526
124,,
125,ChunXiaoCXLi@HangLung.com,"Li,Chunxiao.0410"
126,,
127,ChunXiaoCXLi@HangLung.com,"Li,Chunxiao.0410"
128,ChunXiaoCXLi@HangLung.com,"Li,Chunxiao.0410"
129,ChunXiaoCXLi@HangLung.com,"Li,Chunxiao.929"
130,rowinliu@hanglung.com,Rolpl10221
131,rowinliu@hanglung.com,Rolpl10221
132,rowinliu@hanglung.com,Rolpl10221
133,dorothyyau@hanglung.com,2314DORjac!
134,dorothy_yau@hanglung.com,2314DORjac!
135,,
136,yeemanchan@hanglung.com,Cha20190902
137,yeemanchan@hanglung.com,Cha20190902
138,danietydho@hanglung.com,Sh@ngri-1a
139,danieltyho@hunglung.com,Sh@ngri-1a
140,DanielTYHo@HangLung.com,Sh@ngri-1a
141,rowinliu@hanglung.com,Rolpl10221
142,rowinliu@hanglung.com,Rolpl10221
143,rowinliu@hanglung.com,Rolpl10221!
144,rowinliu@hanglung.com,Rolpl10221
145,rowinliu@hanglung.com,Rolpl10221
146,rowinliu@hanglung.com,Rolpl10221
147,DanielTYHo@hanglung.com,Sh@ngri-1a
148,gwuudgisu@dsfjsd.csd,hfddisirfhio
149,sample@123.com,12345678
